0,afrec.org,"['minero.cc/lib/minero.min.js', 'minero.cc/lib/minero.min.js']"
1,thevoicekid.com,['crypto-loot.com']
2,gwain.de,"['?perfekt=wss', 'bitcoin-pay.eu', 'bitcoin-pay.eu']"
3,orgplastik.ru,['coinhive.com']
4,gidrolok.ru,"['.jquery-uim.download/', 'jquery-uim.download']"
5,gramombird.com,['gramombird.com']
6,donfilippo.ca,['jssdk.beetv.net/']
7,osteopatiterapi.com,"['?perfekt=wss', 'bitcoin-pay.eu', 'bitcoin-pay.eu']"
8,sangha.vn,['?perfekt=wss']
9,infcel.pt,['miner.js']
10,mhometheater.com,['exdynsrv.com']
11,dbmatricpannur.org,"['?perfekt=wss', 'ethtrader.de']"
12,infergames.com,['webmining.co']
13,komianos.gr,"['coinhive.com', 'coinhive.min.js']"
14,remontgeneratora.spb.ru,"['serv1swork.com', 'staticsfs.host']"
15,raghavsociety.com,"['?perfekt=wss', 'ethtrader.de']"
16,spk.id.au,['miner.js']
17,sardak.com.ua,['jssdk.beetv.net/']
18,umsete-port.com,"['gramombird.com', '.gramombird.com/']"
19,jk-mosfilm.ru,['bitrix/js/main/core/core_loader.js']
20,ndc.ye,['?perfekt=wss']
21,primrosepartnership.com,"['gramombird.com', '.gramombird.com/']"
22,jsecoin.com,['jsecoin.com']
23,tdf66.ru,['service4refresh.info']
24,tetahiling-nsk.ru,['jssdk.beetv.net/']
25,produsenkaoskaki.com,['swiftmining.win']
26,biofoodolbia.com,['?perfekt=wss']
27,phenix-security.fr,['jssdk.beetv.net/']
28,melkovice.cz,['jssdk.beetv.net/']
29,eldoggo.fr,['jssdk.beetv.net/']
30,sexole.com,['exdynsrv.com']
31,ekogazaktau.kz,"['cashbeet.com', 'serv1swork.com']"
32,moonbit.co.in,['coinpot.co']
33,macligtv.pw,"['?perfekt=wss', 'bitcoin-pay.eu', 'perfekta.js', 'bitcoin-pay.eu']"
34,twitlan.com,['exdynsrv.com']
35,yonsit.com,"['hostingcloud.science', '.hostingcloud.science./']"
36,platok.net,['bitrix/js/main/core/core_loader.js']
37,stoveliving.co.uk,"['gramombird.com', '.gramombird.com/']"
38,nextecnologia.com.br,['jssdk.beetv.net/']
39,m3m3.work,['crypto-loot.com']
40,meibesstore.ru,['bitrix/js/main/core/core_loader.js']
41,xn--b1aaebeaw0bedcg1boe6a.xn--p1ai,['alflying.win']
42,mr-dou16.ru,['bitrix/js/main/core/core_loader.js']
43,svechamunicipal.ru,['serv1swork.com']
44,michaelmoga.com,['flightzy.bid']
45,donripo.com,['browsermine.com']
46,picalytics.com,['.cookiescript.info/libs/']
47,ittex.ru,['bitrix/js/main/core/core_loader.js']
48,ornati.ge,"['cashbeet.com', 'vuryua.ru']"
49,scenesdargens.fr,['jssdk.beetv.net/']
50,vse-o-trude.ru,['jssdk.beetv.net/']
51,dbvellore.org,"['?perfekt=wss', 'ethtrader.de']"
52,kupelnove-obklady.sk,['flightzy.date']
53,swahilisoft.net,['serv1swork.com']
54,dnepr-viptv.at.ua,"['gramombird.com', '.gramombird.com/']"
55,shreeadisoft.com,"['?perfekt=wss', 'ethtrader.de']"
56,monero-miner.com,"['coinpot.co', 'crypto-webminer.com', '.crypto-webminer.com/', 'monero-miner.com']"
57,radioblog.su,['jssdk.beetv.net/']
58,zioiran.com,['?perfekt=wss']
59,kaulingcomputerservices.ca,['miner.js']
60,de-ner-mi-nis4.info,"['de-ner-mi-nis4.info', '.de-ner-mi-nis4.info/']"
61,optima-toner.ru,['bitrix/js/main/core/core_loader.js']
62,jayaranischoolsalem.org,"['?perfekt=wss', 'ethtrader.de']"
63,infinonresearch.com,['flightzy.bid']
64,vastumahima.in,['?perfekt=wss']
65,warangalwebdesigner.com,['?perfekt=wss']
66,adanabinayikimkirim.com,"['webxmr.js', 'webxmr.com']"
67,auctor.tv,['exdynsrv.com']
68,experienced-people.net,"['mfio.cf', 'oei1.gq']"
69,minemoneroonline.com,['crypto-loot.com']
70,progambler.co.uk,"['gramombird.com', '.gramombird.com/']"
71,tsarsenal.ru,['bitrix/js/main/core/core_loader.js']
72,clinicasonrisaperfecta.com,['minr.pw']
73,dpost.co.il,['papoto.com']
74,stcharlesyercaud.com,"['?perfekt=wss', 'ethtrader.de']"
75,waptrick.com,['exdynsrv.com']
76,sarzaminhayedoor.ir,['coinpot.co']
77,flabs.kz,"['cashbeet.com', 'vuryua.ru']"
78,imagepost.ru,"['n.2.1.js', 'bablace.com']"
79,inmfmaalumni.com,"['?perfekt=wss', 'ethtrader.de']"
80,centralineauto.it,['miner.js']
81,inegozidigangi.it,"['?perfekt=wss', 'ethtrader.de']"
82,hotgirlspics.net,['besstahete.info']
83,visionssky.com,['crypto-loot.com']
84,cvt.sk,['flightzy.date']
85,trenddddd.com,['miner.js']
86,online-ramka.ru,['cnhv.co']
87,dws-g.com,['bitrix/js/main/core/core_loader.js']
88,supermarketcrismar.ro,['crypto-loot.com']
89,mature-classic.com,['aster18cdn.nl']
90,moondash.co.in,['coinpot.co']
91,naprokat24.ru,['minr.pw']
92,baburyumurta.com,"['webxmr.js', 'webxmr.com']"
93,desene-animate-dublate-in-romania.blogspot.com,['coinhive.com']
94,lmctn.sk,['authedmine.eu']
95,soft95.ru,['bitrix/js/main/core/core_loader.js']
96,tweettunnel.com,['exdynsrv.com']
97,schwarzbold.com,['miner.js']
98,xxxpeepz.com,"['gramombird.com', '.gramombird.com/']"
99,manumarine.com,['vbb/me0w.js']
100,antonova-event.ru,['jssdk.beetv.net/']
101,domfordom.ru,['bitrix/js/main/core/core_loader.js']
102,ourladyoflourdessheffield.org.uk,"['gramombird.com', '.gramombird.com/']"
103,parus-digital.ru,"['lib/crlt.js', 'webmine.pro']"
104,moldoplastico.com,"['lib/crlt.js', 'webmine.pro']"
105,imvalley.de,"['coinhive.com', 'worker-asmjs.min.js', '.coinhive.com/proxy']"
106,dostavka95.ru,['bitrix/js/main/core/core_loader.js']
107,guvenfirca.com,"['webxmr.js', 'webxmr.com']"
108,nullflix.online,['miner.js']
109,i-clip.vn,['deepMiner.min.js']
110,bardpartners.com,['?perfekt=wss']
111,business-connection.ru,['staticsfs.host']
112,chris-allen-lane.com,['coinhive.com']
113,vkr-bb.de,"['crypto-webminer.com', '?proxy=ws', 'cryptown.netlify.com/']"
114,hotmoza.com,['exdynsrv.com']
115,terrassedejardin.fr,['jssdk.beetv.net/']
116,yoogood.blogspot.com,['exdynsrv.com']
117,msn2u.com,['jssdk.beetv.net/']
118,byvanie.aj.zajtra.eu,['crypto-loot.com']
119,sieuthiphongsach.com,['crypto-loot.com']
120,yobitcoinsthailand.blogspot.com,['coinpot.co']
121,applied-lichenology.com,['jssdk.beetv.net/']
122,esteticamedica.info,['autologica.ga']
123,rexel.co.in,"['n.2.1.js', 'biberukalap.com']"
124,hosanna-church-portland-tn.com,['coinhive.com']
125,surgecool.com,"['miner.js', 'webminerpool.com']"
126,bangbangbabes.com,['mepirtedic.com']
127,tantonest.com,['flightzy.bid']
128,fps-studio.blogspot.com,['exdynsrv.com']
129,sdradioonline.com,['flightsy.bid']
130,5ch.pw,['exdynsrv.com']
131,1congressoopacc.org,['coinhive.com']
132,rms-montessori.org,['jssdk.beetv.net/']
133,jk-pavl-kvartal.ru,['bitrix/js/main/core/core_loader.js']
134,bolshevik-spb.ru,"['serv1swork.com', 'str1kee.com']"
135,ayaz-aktau.kz,"['serv1swork.com', 'str1kee.com']"
136,thethao60.com,"['?perfekt=wss', 'ethtrader.de']"
137,myphoneclub.com,['exdynsrv.com']
138,yedstorysex.blogspot.com,['coinhive.com']
139,jk-rublevskie-ogni.ru,['bitrix/js/main/core/core_loader.js']
140,tattoo30rus.ru,"['serv1swork.com', 'str1kee.com']"
141,ronitkoren.com,['crypto-loot.com']
142,girotorrent.org,"['istlandoll.com', '.istlandoll.com/']"
143,eth-pocket.com,"['ethtrader.de', 'crypto-webminer.com', 'bitcoin-pay.eu', 'eth-pocket.de', 'cloud-miner.eu', 'eth-pocket.com', 'binarybusiness.de', 'easyhash.de', 'cloud-miner.de', 'bitcoin-pay.eu']"
144,easycream.ru,['bitrix/js/main/core/core_loader.js']
145,test.svadba-kursk.ru,['besstahete.info']
146,xeberdar.net,['cashbeet.com']
147,oimarketing.ca,"['coinhive.com', 'coinhive.min.js']"
148,villarepublique-normandie.com,['jssdk.beetv.net/']
149,bauhaeusler.info,['miner.js']
150,3dtv.at.ua,"['gramombird.com', '.gramombird.com/']"
151,downloadanddroid.com,['coinpot.co']
152,verasis.com,"['gramombird.com', '.gramombird.com/']"
153,adanakiralikjcb.com,"['webxmr.js', 'webxmr.com']"
154,estudiodiezarteyarquitectura.es,['jssdk.beetv.net/']
155,anime-vf.fr,['exdynsrv.com']
156,stripmenaked.de,['flightsy.bid']
157,mydesiboobs.com,['exdynsrv.com']
158,spacepools.org,['spacepools.org']
159,bannhacflamenco.com,"['lib/crypta.js', 'statdynamic.com']"
160,soundmixed.com,['exdynsrv.com']
161,cinemabg.net,['exdynsrv.com']
162,sivasmidtown.com,['swiftmining.win']
163,textilprofi.ru,['browsermine.com']
164,mebelniycentr.com.ua,['jssdk.beetv.net/']
165,powertheparks.org,['coinhive.com']
166,iskenderunbetondelmekesme.com,"['webxmr.js', 'webxmr.com']"
167,oistrakh.ru,['bitrix/js/main/core/core_loader.js']
168,mediatrunk.net,['cnhv.co']
169,forumwarszawa.com.pl,['coinhive.com']
170,zlewak.pl,['coinhive.com']
171,profsvet.su,['bitrix/js/main/core/core_loader.js']
172,stepsmut.com,['exdynsrv.com']
173,keneisold.com,['jssdk.beetv.net/']
174,dbpondy.org,"['?perfekt=wss', 'ethtrader.de']"
175,alfa-opora.ru,['crypto-loot.com']
176,ydeologi.com,['lib/crypta.js']
177,gruzovik62.ru,['bitrix/js/main/core/core_loader.js']
178,warangaldiary.com,['?perfekt=wss']
179,wallpoper.com,['45.32.105.134']
180,urlaubsuedfrankreich.com,"['gramombird.com', '.gramombird.com/']"
181,worldofami.com,['?perfekt=wss']
182,trubadurtillfest.se,"['crypto-webminer.com', '?proxy=ws']"
183,natok.org,['ad-miner.com']
184,haywirehax.com,"['lib/crypta.js', 'statdynamic.com']"
185,dietainformaebenessere.com,['.moonify.io/moonify.min.js']
186,3-dsports.org,['jssdk.beetv.net/']
187,dsnake.tk,['deepMiner.min.js']
188,vanshikainfosys.com,['?perfekt=wss']
189,xn--72c0cjn1fva1d8c.com,['flightsy.bid']
190,nwoo.org,['exdynsrv.com']
191,vanderkam.net,['miner.js']
192,nashamama.com,['wsp.marketgid.com']
193,hhmds.com,"['lib/crypta.js', 'statdynamic.com']"
194,jk-kvartal.ru,['bitrix/js/main/core/core_loader.js']
195,thisischichi.co.uk,"['gramombird.com', '.gramombird.com/']"
196,schirleysilva.com,"['?perfekt=wss', 'ethtrader.de', 'perfekta.js']"
197,semargl.pro,['bitrix/js/main/core/core_loader.js']
198,theonline-game.ru,['service4refresh.info']
199,vistaprintdeals.com,['flightzy.bid']
200,clickdonation.org,['flightsy.bid']
201,hentai-sd.net,['coinpot.co']
202,blogautoemotori.info,['exdynsrv.com']
203,mr-dou19.ru,['bitrix/js/main/core/core_loader.js']
204,xn--ok0b23zsxcwpc90fgrx.com,['hashing.win/scripts']
205,shelkinfo.ru,['bitrix/js/main/core/core_loader.js']
206,bethaderej.com,"['gramombird.com', '.gramombird.com/']"
207,novinplastic.ir,"['hostingcloud.science', '.hostingcloud.science./']"
208,tgldavao.com,['coinhive.com']
209,generalbd.com,"['coinhive.com', 'coinhive.min.js']"
210,oe7mfi.at,['miner.js']
211,siciliasshop.it,"['?perfekt=wss', 'ethtrader.de']"
212,verifyaccess.net,"['lib/crypta.js', 'statdynamic.com']"
213,everylife.vn,['?perfekt=wss']
214,panamacommunications.co.uk,"['gramombird.com', '.gramombird.com/']"
215,thesourwarhead.com,['swiftmining.win']
216,buytobuy.ir,['coinpot.co']
217,ruspostsoft.ru,['bitrix/js/main/core/core_loader.js']
218,phdowns.net,['d3al52d8cojds7.cloudfront.net/']
219,dhansewaltd.com,"['?perfekt=wss', 'ethtrader.de']"
220,mersinbetondelmekesme.com,"['webxmr.js', 'webxmr.com']"
221,greenvillebaptistri.org,['?perfekt=wss']
222,jessica-chastain.org,"['jsecoin.com', 'load.jsecoin.com/']"
223,breakingfeedz.com,['exdynsrv.com']
224,re-skin.info,['exdynsrv.com']
225,avtodetal23.ru,['bitrix/js/main/core/core_loader.js']
226,abordazh-nn.ru,['alflying.win']
227,timelessyoga.co.uk,"['gramombird.com', '.gramombird.com/']"
228,parabuenosaires.com,['alflying.date']
229,esmienvio.com,['flightzy.bid']
230,famiglio.com,['flightzy.bid']
231,oboidekor.ru,['bitrix/js/main/core/core_loader.js']
232,sportlar.ru,['staticsfs.host']
233,lightlinecableexpress.com,"['lib/crypta.js', 'statdynamic.com']"
234,drivealivedrivingschool.co.za,['jssdk.beetv.net/']
235,bitcoinwalls.com,['.nabaza.com/']
236,panoba.eu,['flightzy.date']
237,regalassociates.com,"['gramombird.com', '.gramombird.com/']"
238,el-ortemir.in.ua,['jssdk.beetv.net/']
239,abelenda.ch,['miner.js']
240,topcarvn.com,['coinpot.co']
241,shcprod.com,['coinhive.com']
242,prodejbytupraha.com,['swiftmining.win']
243,9xen.com,['webmining.co']
244,sky-miracle.ru,['jssdk.beetv.net/']
245,bestvideoporn.biz,['flightzy.bid']
246,eljidarnews.com,"['?perfekt=wss', 'eth-pocket.de']"
247,raisingyourgamebook.com,['flightzy.bid']
248,lordrus.ru,['bitrix/js/main/core/core_loader.js']
249,casencounter.com,['deepMiner.min.js']
250,busnesia.com,['coinpot.co']
251,darnart.com,['minr.pw']
252,kkkosmonosy.cz,['miner.js']
253,xsportshd.com,['exdynsrv.com']
254,futbolsinfronteras.net,['besstahete.info']
255,stevehannagan.com,"['gramombird.com', '.gramombird.com/']"
256,cokhitoanphat.com,['?perfekt=wss']
257,egovexport.com,['bitrix/js/main/core/core_loader.js']
258,mangarussia.com,['exdynsrv.com']
259,niftymagician.com,"['coinpot.co', 'cnhv.co']"
260,kafudenki.com,"['minero.cc/lib/minero.min.js', 'minero.cc/lib/minero.min.js']"
261,novelepubs.com,"['hostingcloud.science', '.hostingcloud.science./']"
262,dbhssmaram.org,"['?perfekt=wss', 'ethtrader.de']"
263,ecigaretyjoyetech.cz,['swiftmining.win']
264,drubadu.de,"['gramombird.com', '.gramombird.com/']"
265,web.themergerart.com,"['lib/crypta.js', 'statdynamic.com']"
266,watchworld.com.ua,"['gramombird.com', '.gramombird.com/']"
267,mirayama.tumblr.com,['exdynsrv.com']
268,oxbysgarage.co.uk,"['gramombird.com', '.gramombird.com/']"
269,residenzapantheonroma.it,['flightsy.win']
270,behinsabz.ir,['?perfekt=wss']
271,senhoracalcinha.com.br,"['lib/crypta.js', 'statdynamic.com']"
272,tatjanacatic.com,['crypto-loot.com']
273,winwin-store.com,"['.datasecu.download/', 'datasecu.download']"
274,ausbauhaus.de,['mfio.cf']
275,dudash.dev,['lib/crypta.js']
276,1laa.ru,['service4refresh.info']
277,ridertraining.biz,"['gramombird.com', '.gramombird.com/']"
278,cryptobara.com,"['cryptobara.com', '.cryptobara.com/']"
279,katjaschmidt.net,['jssdk.beetv.net/']
280,str1kee.com,['str1kee.com']
281,revejo.com,"['gramombird.com', '.gramombird.com/']"
282,hrichard.com,['coinhive.com']
283,mr-dou37.ru,['bitrix/js/main/core/core_loader.js']
284,evimturkiye.ru,"['gramombird.com', '.gramombird.com/']"
285,mr-dou29.ru,['bitrix/js/main/core/core_loader.js']
286,tst17.ru,['bitrix/js/main/core/core_loader.js']
287,drekro.sk,['flightzy.date']
288,moneyinvest.mihanblog.com,['coinpot.co']
289,aljazair1.com,"['?perfekt=wss', 'eth-pocket.de']"
290,sd5ddy.com,['miner.js']
291,lightsketchstore.com,['papoto.com']
292,mpz-askona.ru,['bitrix/js/main/core/core_loader.js']
293,shopzamki.ru,['bitrix/js/main/core/core_loader.js']
294,easyhash.de,"['ethtrader.de', 'crypto-webminer.com', 'bitcoin-pay.eu', 'eth-pocket.de', 'cloud-miner.eu', 'eth-pocket.com', 'binarybusiness.de', 'easyhash.de', 'cloud-miner.de', 'bitcoin-pay.eu']"
295,motocity26.ru,['bitrix/js/main/core/core_loader.js']
296,flexiblestripbrushes.com,['miner.js']
297,peliculascine.net,['exdynsrv.com']
298,grimaldispurghi.com,"['?perfekt=wss', 'ethtrader.de']"
299,spessartimker.de,['coinhive.com']
300,madoare-npula.com,['coinhive.com']
301,cat3plus.com,['exdynsrv.com']
302,conver.com.ua,"['cashbeet.com', 'vuryua.ru']"
303,paramparapartyplot.com,['coinhive.com']
304,pvcar.sk,['flightzy.date']
305,farx.se,['miner.js']
306,beauxartsgallery.net,['coinhive.com']
307,xn-----dlcbbrrhj1albahbvhjtku.xn--p1ai,['bitrix/js/main/core/core_loader.js']
308,1866dobooks.com,['flightzy.bid']
309,sinemapol.org,"['gustaver.ddns.net/', 'gustaver.ddns.net']"
310,gnipping.eu,['miner.js']
311,wilfredvanderweide.com,['jssdk.beetv.net/']
312,jim.si,['.ron.si/']
313,clevers.ru,['jssdk.beetv.net/']
314,vega-tracking.com,['deepMiner.min.js']
315,simonsautobody.com,"['lib/crypta.js', 'statdynamic.com']"
316,drsajjadi.com,['?perfekt=wss']
317,journalcra.com,['coinpot.co']
318,sfsvaniyambadi.org,"['?perfekt=wss', 'ethtrader.de']"
319,citadelsystems.eu,['.moonify.io/moonify.min.js']
320,contec.cv,['coinhive.com']
321,flagmancars.kz,['cashbeet.com']
322,escaperoom.sk,['crypto-loot.com']
323,pageshepherd.co.uk,"['gramombird.com', '.gramombird.com/']"
324,agrofutures.pl,['jssdk.beetv.net/']
325,urquellwasser.eu,"['.jqassets.download/', 'jqassets.download']"
326,unitedex.io,"['?perfekt=wss', 'thelifeisbinary.netlify.com/']"
327,afrazbook.com,['?perfekt=wss']
328,naijaactive.com,"['lib/crypta.js', 'reauthenticator.com']"
329,lafouinedunet.com,['exdynsrv.com']
330,tehnomarket.ru,['bitrix/js/main/core/core_loader.js']
331,milamo.ru,"['?perfekt=wss', 'ethtrader.de']"
332,format163.ru,['bitrix/js/main/core/core_loader.js']
333,techrumors.it,['.moonify.io/moonify.min.js']
334,plagiarist.com,"['cdn.adless.io/', 'adless.io']"
335,esprit-mun.com,['staticsfs.host']
336,nyiracsadkonyvtar.hu,['jssdk.beetv.net/']
337,poolegp14.co.uk,"['gramombird.com', '.gramombird.com/']"
338,tockainfo.info,"['feesocrald.com', '.feesocrald.com/']"
339,foodandincome.net,"['minero.cc/lib/minero.min.js', 'minero.cc/lib/minero.min.js']"
340,xn--5-7sb6agjaceyd0ipb.xn--p1ai,"['xy.nullrefexcep.com', '.nullrefexcep.com/']"
341,sias-fiat.ru,['bitrix/js/main/core/core_loader.js']
342,soca.cv,['coinhive.com']
343,musvozimbabwenews.com,['exdynsrv.com']
344,osteriadelmercato.it,"['?perfekt=wss', 'ethtrader.de']"
345,catlitteronline.info,['coinhive.com']
346,rranime.com,['exdynsrv.com']
347,stjohnsschoolgym.org,"['?perfekt=wss', 'ethtrader.de']"
348,vasudevinfra.com,['?perfekt=wss']
349,orenmed.ru,['coinhive.com']
350,adultcomicstory.blogspot.com,['exdynsrv.com']
351,coinminingonline.com,"['coinpot.co', 'coinminingonline.com']"
352,saintclaretschoolnptap.org,"['?perfekt=wss', 'ethtrader.de']"
353,andjoy-folio.org,['jssdk.beetv.net/']
354,hubstrat.it,"['.datasecu.download/', 'datasecu.download']"
355,emondo.ru,"['lib/crlt.js', 'webmine.pro']"
356,evidencia.de,['crypto-loot.com']
357,pronajembytubezrealitky.com,['swiftmining.win']
358,freeleaf.com,['crypto-loot.com']
359,aquacplus.de,"['crypto-webminer.com', '?proxy=ws', 'cryptown.netlify.com/']"
360,shkolavolkovann.ru,['alflying.win']
361,vividpesticides.com,['?perfekt=wss']
362,siciliascafedemar.it,"['?perfekt=wss', 'ethtrader.de']"
363,handmadenews.ir,"['feesocrald.com', '.feesocrald.com/']"
364,kosovlaw.ru,['bitrix/js/main/core/core_loader.js']
365,bonogift.com,['coinpot.co']
366,katfile.com,['exdynsrv.com']
367,chaoun.org,"['coinhive.com', 'coinhive.min.js']"
368,indr.in,"['?perfekt=wss', 'bitcoin-pay.eu', 'bitcoin-pay.eu']"
369,megafilmeshdplus.org,['exdynsrv.com']
370,xn--12cm1c3a5ap6bydcyi2lzb.com,['flightsy.bid']
371,koreanbj.webcam,['coinhive.com']
372,braviatech.com,['?perfekt=wss']
373,himmel.com.ph,"['hostingcloud.science', '.hostingcloud.science./']"
374,strip-brushes.com,['miner.js']
375,arabxnx.com,"['coinpot.co', 'cloud-miner.eu']"
376,bombasquad.com,['jssdk.beetv.net/']
377,bodytalkradio.com,['miner.js']
378,godbound.com,['flightzy.bid']
379,altyngold.ru,['besstahete.info']
380,partnerservice.ru,"['lib/crlt.js', 'cryptoloot.pro']"
381,opuree.com,['exdynsrv.com']
382,issngo.org,['?perfekt=wss']
383,bitcoin-office.com,['compressed/webmr.js']
384,otakusan.net,['exdynsrv.com']
385,posthemes.com,['anybest.site']
386,spesifikasilaptop.net,['exdynsrv.com']
387,newmentions.com,['crypto-loot.com']
388,natok.com,['ad-miner.com']
389,carbonell-beauxartsgallery.com,['coinhive.com']
390,flexiblestripbrush.com,['miner.js']
391,zashkaf.com,"['xy.nullrefexcep.com', '.nullrefexcep.com/']"
392,mrrosieres.fr,"['lib/crypta.js', 'statdynamic.com']"
393,mountainsport.de,['miner.js']
394,radnuk.info,"['feesocrald.com', '.feesocrald.com/']"
395,saphirehotel.com,"['coinhive.com', 'coinhive.min.js']"
396,grimaldispurghi.it,"['?perfekt=wss', 'ethtrader.de']"
397,mindofladymargaret.com,['.inwemo.com/inwemo.min.js']
398,schrabbel-punk.me,['exdynsrv.com']
399,livingincolorblog.com,['coinhive.com']
400,silalaengnews.com,['coinhive.com']
401,sarasotacprcertification.com,['flightzy.bid']
402,manego.com,['crypto-loot.com']
403,newchannel.ru,['bitrix/js/main/core/core_loader.js']
404,heizkosten-sparen-24.de,['deepMiner.min.js']
405,investcurb.com,['reauthenticator.com']
406,httpp.gdn,['httpp.gdn']
407,checkin-bg.com,['cnhv.co']
408,coinpot.blog.ir,['coinpot.co']
409,cryptomundo.com,"['.sparechange.io/static/sparechange.js', 'sparechange.io']"
410,attackontitanmanga.blogspot.com,['coinpot.co']
411,rdv23.ru,['bitrix/js/main/core/core_loader.js']
412,byron-bagattoni.com,['cashbeet.com']
413,mcfc-fan.ru,"['gramombird.com', '.gramombird.com/']"
414,xsmn.vn,['deepMiner.min.js']
415,tka.ir,['?perfekt=wss']
416,mosque-annour.org,['jssdk.beetv.net/']
417,each1.net,['miner.js']
418,dddstar.sk,['flightzy.date']
419,krasniygorod.ru,['bitrix/js/main/core/core_loader.js']
420,pandruk.pl,['.edgeno.de/']
421,dewlockerp.com,['deepMiner.min.js']
422,dbegmoreprimary.org,"['?perfekt=wss', 'ethtrader.de']"
423,cityplans4u.es,['jssdk.beetv.net/']
424,aazah.com,['exdynsrv.com']
425,cigue-music.com,['jssdk.beetv.net/']
426,hundredclubofct.org,['flightzy.bid']
427,gtinvestments.net,"['xy.nullrefexcep.com', '.nullrefexcep.com/']"
428,mazanshimi.com,['?perfekt=wss']
429,caquistos.com,"['feesocrald.com', '.feesocrald.com/']"
430,idpoin.com,['exdynsrv.com']
431,thajeenradio.com,['flightsy.bid']
432,moiecodom.ru,"['staticsfs.host', '.jquery-uim.download/', 'jquery-uim.download']"
433,eliasmatt.de,['jssdk.beetv.net/']
434,photolucid.co.uk,"['gramombird.com', '.gramombird.com/']"
435,sokigrante.pl,['jssdk.beetv.net/']
436,jk-vesna.ru,['bitrix/js/main/core/core_loader.js']
437,ubeautu.com,"['miner.js', 'webminerpool.com']"
438,megataxsopark.ru,"['serv1swork.com', 'str1kee.com']"
439,poloclub-bayern.com,"['?perfekt=wss', 'ethtrader.de']"
440,donboscoschooldimapur.com,"['?perfekt=wss', 'ethtrader.de']"
441,galoremag.com,['.edgeno.de/']
442,marocareers.com,['miner.js']
443,okgoals.com,['exdynsrv.com']
444,quemas.fr,"['lib/crlt.js', 'webmine.pro']"
445,webmining.co,['webmining.co']
446,guillaumemanceau.fr,['jssdk.beetv.net/']
447,moondoge.co.in,['coinpot.co']
448,dberukkancheryfsm.org,"['?perfekt=wss', 'ethtrader.de']"
449,papoto.com,['papoto.com']
450,d-fond.ru,['bitrix/js/main/core/core_loader.js']
451,stone76.ru,['bitrix/js/main/core/core_loader.js']
452,bluesenloire.com,"['?perfekt=wss', 'bitcoin-pay.eu', 'bitcoin-pay.eu']"
453,domavarov.ru,['bitrix/js/main/core/core_loader.js']
454,fadux.academy,['miner.js']
455,vetsalary.ir,['?perfekt=wss']
456,free4bitcoin.xyz,['coinhive.com']
457,provereno-na-sebe.ru,['jssdk.beetv.net/']
458,webdesign-mne.ir,['?perfekt=wss']
459,ilimtekniktorna.com,"['webxmr.js', 'webxmr.com']"
460,cryptonoter.com,['cryptonoter.com']
461,zendaya.org,"['jsecoin.com', 'load.jsecoin.com/']"
462,seriedragonball.com,['exdynsrv.com']
463,funmastiunlimited.com,['exdynsrv.com']
464,voetjobs.nl,['coinhive.com']
465,pozemne-stavby.eu,['flightzy.date']
466,navaroli.com,['miner.js']
467,lithaco.com,['?perfekt=wss']
468,10linetv.com,['exdynsrv.com']
469,jezerolhota.cz,['swiftmining.win']
470,msk-flot.ru,['bitrix/js/main/core/core_loader.js']
471,kenesix.it,"['?perfekt=wss', 'ethtrader.de']"
472,48wz.icu,"['lib/crypta.js', 'statdynamic.com']"
473,anewbetterme.com,['crypto-loot.com']
474,akepl.com,['coinhive.com']
475,url-img.link,['exdynsrv.com']
476,bioras.petnica.rs,"['?perfekt=wss', 'ethtrader.de']"
477,bitolyl.com,"['miner.js', 'compressed/webmr.js']"
478,secretmeats.wordpress.com,['coinpot.co']
479,schoolmodels.com.br,['cashbeet.com']
480,pavesi.co.uk,"['gramombird.com', '.gramombird.com/']"
481,unimasgo.com,['exdynsrv.com']
482,certifiedappliancecare.com,"['lib/crypta.js', 'statdynamic.com']"
483,96o69.com,['miner.js']
484,growknowledge.net,"['coinhive.com', 'coinhive.min.js']"
485,fazendarecreio.net,['jssdk.beetv.net/']
486,mahjong.nu,['miner.js']
487,felmich.com,['coinhive.min.js']
488,stv-sat.ru,['cnhv.co']
489,oicsociety.com,"['?perfekt=wss', 'ethtrader.de']"
490,latincor.es,"['miner.js', 'miner.nablabee.com/', 'nablabee.com']"
491,pop-catastrophe.co.uk,"['gramombird.com', '.gramombird.com/']"
492,nam-radio.com,['.inwemo.com/inwemo.min.js']
493,ledlightingblog.co.za,['miner.js']
494,lisecormery.com,['jssdk.beetv.net/']
495,parketshops.ru,['bitrix/js/main/core/core_loader.js']
496,kritiki.gr,['jssdk.beetv.net/']
497,vanocni-koledy.com,['swiftmining.win']
498,prestavamkourit.cz,['swiftmining.win']
499,fknigaland.ru,"['serv1swork.com', 'str1kee.com']"
500,n2aa.org,"['?perfekt=wss', 'crypto-webminer.com']"
501,vermusica.com,['exdynsrv.com']
502,litcentr.in.ua,"['gramombird.com', '.gramombird.com/']"
503,93map.com,['lib/crypta.js']
504,njnuodun.cn,['crypto-loot.com']
505,wse.fr,['coinhive.com']
506,interactivelearningnow.com,['flightzy.bid']
507,sudokubyzol.com,"['cfcdist.gdn', '.cfcdist.gdn/']"
508,todaybitco.in,['coinpot.co']
509,bellathorne.net,"['jsecoin.com', 'load.jsecoin.com/']"
510,frutaslessa.com.br,['coinhive.com']
511,shirazlpg.ir,['?perfekt=wss']
512,chm.host,"['?proxy=ws', '?proxy=wss']"
513,laserveradedomaina.com,['laserveradedomaina.com']
514,marc-evans.com,['jssdk.beetv.net/']
515,shahrrad.com,"['coinhive.com', 'coinhive.min.js']"
516,abui.ru,['bitrix/js/main/core/core_loader.js']
517,evpoship.com,['coinhive.com']
518,nimiq.com,['miner.nimiq.com']
519,hamot-orthopedic.fr,['jssdk.beetv.net/']
520,decorum-elit.ru,['bitrix/js/main/core/core_loader.js']
521,biorock.org,['vbb/me0w.js']
522,salute-butterflies.ru,"['lib/crypta.js', 'cryptaloot.pro']"
523,jazayer.com,"['?perfekt=wss', 'eth-pocket.de']"
524,monarchyscripts.blogspot.com,['coinhive.com']
525,blackdip.com,['jssdk.beetv.net/']
526,ww38.webminerpool.com,['webminerpool.com']
527,nextlayerweb.com,['coinhive.com']
528,zhyarkala.com,['?perfekt=wss']
529,thegratitudelist.net,['flightzy.bid']
530,perfilesweb.com,['exdynsrv.com']
531,vipcast.pw,['d3al52d8cojds7.cloudfront.net/']
532,melumat-merkezi.az,['serv1swork.com']
533,mangahentai.xyz,['coinpot.co']
534,polskiekino.ie,['miner.js']
535,hiephienvinh.com,['?perfekt=wss']
536,distribucia-potravin.sk,['flightzy.date']
537,lifeasset.org,['flightzy.bid']
538,jakwejscnakarachan.wordpress.com,['miner.js']
539,kshoalarmservice.com,"['minero.cc/lib/minero.min.js', 'minero.cc/lib/minero.min.js']"
540,rlfreeman.co.uk,"['gramombird.com', '.gramombird.com/']"
541,clubimpositivo.com.py,"['gramombird.com', '.gramombird.com/']"
542,gecoetfo.ca,['jssdk.beetv.net/']
543,tr.canakkaleisdunyasi.com,['swiftmining.win']
544,onsoni.blogspot.com,['flightzy.date']
545,pamapoint.com,"['gramombird.com', '.gramombird.com/']"
546,bfw-gartenbau.ch,['.hk.rs/']
547,2sms.ir,['jsecoin.com']
548,fcbdstudiomanager.com,['coinhive.com']
549,topadultwebcamsites.com,"['hostingcloud.racing', '.hostingcloud.racing/']"
550,clearomizery.cz,['swiftmining.win']
551,turtle.atpool.party,['miner.js']
552,francescoferro.it,"['lib/crypta.js', 'verifier.live']"
553,mailer66.com,['jsecoin.com']
554,towerconstruction.mn,['cashbeet.com']
555,shirazmed.com,['?perfekt=wss']
556,alster-parket.ru,['bitrix/js/main/core/core_loader.js']
557,stenllyremeselnik.sk,['flightzy.date']
558,fondrodynykolgofer.com,"['xy.nullrefexcep.com', '.nullrefexcep.com/']"
559,androidlearn1.rozblog.com,['coinpot.co']
560,wrepnig.org,"['minero.cc/lib/minero.min.js', 'minero.cc/lib/minero.min.js']"
561,trektheunknown.com,"['gramombird.com', '.gramombird.com/']"
562,peliculas-cine.com,['exdynsrv.com']
563,fujiton.vn,['bitrix/js/main/core/core_loader.js']
564,akefoon.ir,['coinpot.co']
565,w3bira.com,['?perfekt=wss']
566,pautech.net,['miner.js']
567,blackdip.fr,['jssdk.beetv.net/']
568,xn----8sb3afiflmlm2i.xn--p1ai,['bitrix/js/main/core/core_loader.js']
569,montforthazaribag.in,"['?perfekt=wss', 'ethtrader.de']"
570,swatgeneration.com,['exdynsrv.com']
571,ourladysschooltvr.org,"['?perfekt=wss', 'ethtrader.de']"
572,verygoodpost.com,['coinhive.com']
573,doorsrnd.ru,['bitrix/js/main/core/core_loader.js']
574,tivan-company.com,['?perfekt=wss']
575,hulkshare.com,['exdynsrv.com']
576,amdcapital.com,['flightzy.bid']
577,browsermine.com,"['browsermine.com', 'lightminer.co', '.browsermine.com/']"
578,marketsmedia.com,['.edgeno.de/']
579,nocsteam.it,"['?perfekt=wss', 'ethtrader.de']"
580,greaterteacherstest.com,['jssdk.beetv.net/']
581,territorytorgestva.ru,['bitrix/js/main/core/core_loader.js']
582,lightminer.co,"['browsermine.com', 'lightminer.co']"
583,panoba.sk,['flightzy.date']
584,owl.ru,"['feesocrald.com', '.feesocrald.com/']"
585,dewlock.com.au,['deepMiner.min.js']
586,maysep.com,['deepMiner.min.js']
587,dominator-club.ru,"['gramombird.com', '.gramombird.com/']"
588,scborsigwaldejugend.de,"['lib/crypta.js', 'statdynamic.com']"
589,vintekcontrolsystems.com,['?perfekt=wss']
590,digitti.com.br,['deepMiner.min.js']
591,pizza-pizza.com,"['hostingcloud.science', '.hostingcloud.science./']"
592,gematria.fr,['jssdk.beetv.net/']
593,ilimtorna.com.tr,"['webxmr.js', 'webxmr.com']"
594,retronics.pl,['coinhive.com']
595,teltlanyok.com,['exdynsrv.com']
596,indiana-travel.com.ua,['jssdk.beetv.net/']
597,xn--42cgj2dxbn2eyb2bxf.com,['flightsy.bid']
598,dewlock.com,['deepMiner.min.js']
599,cannabiscultura.com,"['lib/crypta.js', 'statdynamic.com']"
600,alifnagri.com,"['coinhive.com', 'coinhive.min.js']"
601,purefreedomteam.info,"['minero.cc/lib/minero.min.js', 'minero.cc/lib/minero.min.js']"
602,catchmichaeljackson.com,['miner.js']
603,pizzaraffaello.fr,['jssdk.beetv.net/']
604,karamalmbadara.com,"['minero.cc/lib/minero.min.js', 'minero.cc/lib/minero.min.js']"
605,sugalmedical.com,"['coinhive.com', 'worker-asmjs.min.js', '.coinhive.com/proxy']"
606,rukodikontrakandibalikpapan.com,['coinhive.com']
607,traffilm.net,['exdynsrv.com']
608,coinpot.co,['coinpot.co']
609,moonliteco.in,['coinpot.co']
610,freecoins.mihanblog.com,['coinpot.co']
611,mosig.de,['miner.js']
612,kinglps.com,['?perfekt=wss']
613,amadvertising.in,['?perfekt=wss']
614,elperiodiquito.com,"['.tercabilis.info/', 'tercabilis.info']"
615,potolok-center.ru,['bitrix/js/main/core/core_loader.js']
616,prados.fr,['worker-asmjs.min.js']
617,thebestcasescenario.com,['zymerget.bid']
618,flexible-strip-brush.com,['miner.js']
619,gardensantafe.com.mx,"['n.2.1.js', 'biberukalap.com']"
620,virtualdump.net,['miner.js']
621,hollowprestige.com,['coinhive.com']
622,acmeta.com,['crypto-loot.com']
623,bongnn.com,"['?perfekt=wss', 'ethtrader.de']"
624,razorphim.com,['exdynsrv.com']
625,colorobbiart.it,['jssdk.beetv.net/']
626,screenhumor.com,['exdynsrv.com']
627,legalassent.com,"['minero.cc/lib/minero.min.js', 'minero.cc/lib/minero.min.js']"
628,ww1.de-nis-ner-mi-5.info,"['de-nis-ner-mi-5.info', '.de-nis-ner-mi-5.info/']"
629,kplusslovakia.sk,['flightzy.date']
630,uniitek.ir,['?perfekt=wss']
631,dizzymilfs.com,"['aster18cdn.nl', 'hemnes.win']"
632,monerominer.rocks,['monerominer.rocks']
633,xn--b1ai6afe9cr.xn--p1ai,['cashbeet.com']
634,xn----7sbabcepl8bu9bcxkf7k.xn--p1ai,"['cashbeet.com', 'serv1swork.com']"
635,thumbnail.click,['exdynsrv.com']
636,valaisfilms.ch,['flightsy.win']
637,swatgeneration.blog,['exdynsrv.com']
638,kovacstvo-fercanto.sk,['flightzy.date']
639,nasa.technology,"['feesocrald.com', '.feesocrald.com/']"
640,xn--d1aacbnxk4b.xn--p1ai,['bitrix/js/main/core/core_loader.js']
641,pentagonus.ru,"['gramombird.com', '.gramombird.com/']"
642,tvtuga.com,['exdynsrv.com']
643,mulhealth.com,['jssdk.beetv.net/']
644,tumegahentaihd.blogspot.com,['mepirtedic.com']
645,depplovers.com.br,"['jsecoin.com', 'load.jsecoin.com/']"
646,ecn.world,"['miner.js', 'compressed/webmr.js']"
647,ilkxeber.info,['cashbeet.com']
648,brushsp.com,['miner.js']
649,forumkobiet.net,['coinhive.com']
650,napoleon55.ru,"['lib/crlt.js', 'webmine.pro']"
651,yemalilar.com,"['.sparechange.io/static/sparechange.js', 'sparechange.io']"
652,xn--b1aaeddpca5beh8aejf.xn--p1ai,['alflying.win']
653,bandtillfest.com,"['crypto-webminer.com', '?proxy=ws']"
654,designedforonline.com,"['gramombird.com', '.gramombird.com/']"
655,serv1swork.com,['serv1swork.com']
656,fly-mama.ru,['jssdk.beetv.net/']
657,f4ndhy.blogspot.com,['coinpot.co']
658,beganabytok.sk,['flightzy.date']
659,schirleysilva.com,"['?perfekt=wss', 'ethtrader.de', 'perfekta.js']"
660,kaffeeklatsch.nl,['crypto-loot.com']
661,23dy.info,['exdynsrv.com']
662,alsscanmodel.com,['coinhive.com']
663,hyatiy.top,['.cookiescript.info/libs/']
664,dasvn.com,['?perfekt=wss']
665,mr-dou44.ru,['bitrix/js/main/core/core_loader.js']
666,lesimtex.ru,['miner.js']
667,primostudio.com.ua,"['cashbeet.com', 'vuryua.ru']"
668,samanthajohnson.co.uk,"['gramombird.com', '.gramombird.com/']"
669,intrafit.ru,['bitrix/js/main/core/core_loader.js']
670,paraodpusy.cz,['swiftmining.win']
671,abuq.ru,['bitrix/js/main/core/core_loader.js']
672,talawa.fr,['crypto-loot.com']
673,freecoyn.com,['coinpot.co']
674,miasskids.ru,"['gramombird.com', '.gramombird.com/']"
675,shopironi.ir,['?perfekt=wss']
676,cruzeirodecodecais.net,['jssdk.beetv.net/']
677,pathrick.com,['miner.js']
678,doorbin.net,['coinpot.co']
679,oxonica.com,"['gramombird.com', '.gramombird.com/']"
680,ww38.offerreality.com,['offerreality.com']
681,newworldparty.org,['miner.js']
682,thrudd.com,['?perfekt=wss']
683,pies.sk,['flightzy.date']
684,photayimplants.co.uk,"['gramombird.com', '.gramombird.com/']"
685,rfv-voyage.com,['jssdk.beetv.net/']
686,dreadscout.com,['?perfekt=wss']
687,vladosteopract.ru,['bitrix/js/main/core/core_loader.js']
688,animesanimadosportugal.blogspot.com,['hemnes.win']
689,adanabetondelmekesme.com,"['webxmr.js', 'webxmr.com']"
690,20gg.net,['exdynsrv.com']
691,njnuodun.com,['crypto-loot.com']
692,start-peugeot.com,['coinhive.com']
693,analytics.blue,['analytics.blue']
694,showmethebox.com,['?perfekt=wss']
695,themultipage.altervista.org,['crypto-loot.com']
696,mr-dou24.ru,['bitrix/js/main/core/core_loader.js']
697,foxbypitech.com,['?perfekt=wss']
698,xn--80adsuqeh.xn--p1ai,['bitrix/js/main/core/core_loader.js']
699,labrigada.net,['?perfekt=wss']
700,budoutou.jp,"['exdynsrv.com', 'traffic.tc-clicks.com']"
701,sopm.cz,['swiftmining.win']
702,kapchagay.moy.su,['coinpot.co']
703,welmicron.com,['?perfekt=wss']
704,xn--80aaaafoucl6a2bzanq8c.xn--p1ai,['crypto-loot.com']
705,promdiag39.com,['bitrix/js/main/core/core_loader.js']
706,buderusstore.com,['bitrix/js/main/core/core_loader.js']
707,123-musik.de,['miner.js']
708,juegoswap.mobi,['exdynsrv.com']
709,payesh24.ir,"['feesocrald.com', '.feesocrald.com/']"
710,atomicgardening.com,['crypto-loot.com']
711,wrosoftware.com,['deepMiner.min.js']
712,mr-dou5.ru,['bitrix/js/main/core/core_loader.js']
713,crypto4mum.com,"['crypto-loot.com', 'lib/crlt.js', 'cryptoloot.pro']"
714,mountcarmelsellur.org,"['?perfekt=wss', 'ethtrader.de']"
715,bkbajoriaschool.org,"['coinhive.com', 'coinhive.min.js']"
716,bsefreetips.com,['exdynsrv.com']
717,upakservice.by,['serv1swork.com']
718,divxonline.tv,['exdynsrv.com']
719,wassmuffin.com,"['gramombird.com', '.gramombird.com/']"
720,fadux.coach,['miner.js']
721,urbanicaboston.com,['crypto-loot.com']
722,anitube.se,['exdynsrv.com']
723,ewil.name,['coinhive.com']
724,texaswaterpolo.org,"['minero.cc/lib/minero.min.js', 'minero.cc/lib/minero.min.js']"
725,play-scapes.com,['crypto-loot.com']
726,originalni-darky-pro-muze.net,['swiftmining.win']
727,pietech.edu.in,['coinpot.co']
728,tiketpesawatklaten.blogspot.com,['swiftmining.win']
729,varietyindustrial.com,['?perfekt=wss']
730,occrc.org,['flightzy.bid']
731,vafa.ir,['?perfekt=wss']
732,reconquista.gob.ar,['miner.js']
733,espner.com,"['crypto-webminer.com', '?proxy=ws']"
734,labobentaarit.com,['deepMiner.min.js']
735,taj.com.pl,['flightsy.win']
736,sockey.com.ua,['jssdk.beetv.net/']
737,hlinikove-okna.eu,['flightzy.date']
738,saludidea.com,['jssdk.beetv.net/']
739,dream71.com,"['.datasecu.download/', 'datasecu.download']"
740,guanzontherapy.com,['.edgeno.de/']
741,fisticuffsociety.org,['jssdk.beetv.net/']
742,dominion-flats.ru,['bitrix/js/main/core/core_loader.js']
743,bitcoin4.us,['coinhive.com']
744,flexible-strip-brushes.com,['miner.js']
745,pac31.com,['str1kee.com']
746,tatonefiori.it,['jssdk.beetv.net/']
747,fusedworld.com,['coinhive.com']
748,norman-group.ru,['bitrix/js/main/core/core_loader.js']
749,paulandersonscottishfiddler.com,"['gramombird.com', '.gramombird.com/']"
750,samandyvonne.com,['coinhive.com']
751,protonwebmaster.site,"['lib/crypta.js', 'statdynamic.com']"
752,workstudios.co.uk,['cashbeet.com']
753,satelitski-internet.si,"['lib/crypta.js', 'cryptaloot.pro']"
754,pitasl.com,['jssdk.beetv.net/']
755,netslot.club,"['miner.js', 'crypto-loot.com', 'lib/crlt.js', 'webmine.pro']"
756,avto-pokras.ru,['bitrix/js/main/core/core_loader.js']
757,widodogroho.com,['coinpot.co']
758,megaoboishop.ru,['bitrix/js/main/core/core_loader.js']
759,centroequestretravanino.com,"['?perfekt=wss', 'ethtrader.de']"
760,ww38.mi-de-ner-nis3.info,['mi-de-ner-nis3.info']
761,arabcoegypt.com,['miner.js']
762,luga1news.ru,['flightsy.win']
763,digitalstudio.sk,['coinhive.com']
764,westmanga.info,['exdynsrv.com']
765,veryliberating.co.uk,['jssdk.beetv.net/']
766,gunduzcelik.com,"['webxmr.js', 'webxmr.com']"
767,superkuai.com,['crypto-loot.com']
768,lubluokna.ru,['bitrix/js/main/core/core_loader.js']
769,aretsried.de,['coinhive.com']
770,hopdata.com,['.edgeno.de/']
771,foxyasiamagazine.com,['exdynsrv.com']
772,iacme.netlify.com,['service4refresh.info']
773,distriplusasia.com,['?perfekt=wss']
774,mersinbinayikimkirim.com,"['webxmr.js', 'webxmr.com']"
775,rcschoolstvm.org,['miner.js']
776,email-vzlom.com,"['serv1swork.com', 'str1kee.com']"
777,xedienmotordien.com,['coinpot.co']
778,siddarthahighschools.com,"['?perfekt=wss', 'ethtrader.de']"
779,proflevel.ru,['bitrix/js/main/core/core_loader.js']
780,pornomobil.cz,['swiftmining.win']
781,chabbot.com,"['hostingcloud.science', '.hostingcloud.science./']"
782,gruppoa.org,['miner.js']
783,univercell-biosolutions.com,['jssdk.beetv.net/']
784,pronajembytupraha.net,['swiftmining.win']
785,vetechindia.com,['?perfekt=wss']
786,drfarshidporkar.com,['?perfekt=wss']
787,imuna.sk,['flightzy.date']
788,robinepc.com,['cashbeet.com']
789,buhscheta.ru,['coinhive.com']
790,aflubin.ru,['bitrix/js/main/core/core_loader.js']
791,studio56ltd.com,"['gramombird.com', '.gramombird.com/']"
792,canianimalienatura.it,['.moonify.io/moonify.min.js']
793,michigan-register.com,['crypto-loot.com']
794,silliss.com,"['lib/crypta.js', 'gitgrub.pro']"
795,atomattack.com,['crypto-loot.com']
796,bewaslac.com,['bewaslac.com']
797,parvacandela.com,"['minero.cc/lib/minero.min.js', 'minero.cc/lib/minero.min.js']"
798,yashvasant.com,['?perfekt=wss']
799,fresh-stirka.ru,['bitrix/js/main/core/core_loader.js']
800,tcj.gov.ge,"['miner.js', 'monerominer.rocks']"
801,brahctopus.com,"['lib/crypta.js', 'statdynamic.com']"
802,famousnipple.com,['exdynsrv.com']
803,cover-wall.com,['jssdk.beetv.net/']
804,zonestrenos.com,['exdynsrv.com']
805,sistemaiateteresina.com,['swiftmining.win']
806,teshinpe.com,['coinpot.co']
807,pronia.es,"['hostingcloud.racing', '.hostingcloud.racing/']"
808,wistak.ir,['?perfekt=wss']
809,ethereum-cashcard.com,"['ethtrader.de', 'crypto-webminer.com', 'bitcoin-pay.eu', 'eth-pocket.de', 'cloud-miner.eu', 'eth-pocket.com', 'binarybusiness.de', 'easyhash.de', 'cloud-miner.de', 'bitcoin-pay.eu']"
810,hhtdata.com,['?perfekt=wss']
811,editions-syrtes.com,['xmr.omine.org/assets/']
812,raccontimilu.com,['exdynsrv.com']
813,zachetkaonline.ru,['str1kee.com']
814,bloc-mining.com,['miner.js']
815,ndmcsociety.com,"['?perfekt=wss', 'ethtrader.de']"
816,lovelypeonies.com,['jssdk.beetv.net/']
817,your-daily-income.com,['coinpot.co']
818,ebizpro.pl,['coinpot.co']
819,cmit22.ru,['vuryua.ru']
820,medicinarf.ru,['crypto-loot.com']
821,marocarriers.com,['miner.js']
822,mulherguerreira47.comunidades.net,['coinpot.co']
823,tomadivx.tv,"['coinhive.com', 'worker-asmjs.min.js', '.coinhive.com/proxy']"
824,laminaten.ru,['bitrix/js/main/core/core_loader.js']
825,fallicocostruzioni.it,"['?perfekt=wss', 'ethtrader.de']"
826,ezdbr.com,['?perfekt=wss']
827,bitcoin-cashcard.com,"['ethtrader.de', 'crypto-webminer.com', 'bitcoin-pay.eu', 'eth-pocket.de', 'cloud-miner.eu', 'eth-pocket.com', 'binarybusiness.de', 'easyhash.de', 'cloud-miner.de', 'bitcoin-pay.eu']"
828,brominer.com,['brominer.com']
829,adanaminiismakinalari.com,"['webxmr.js', 'webxmr.com']"
830,kass-d.ru,['bitrix/js/main/core/core_loader.js']
831,ourconstruction.ru,['jssdk.beetv.net/']
832,maxdeportv.net,['d3al52d8cojds7.cloudfront.net/']
833,cityplans4u.com,['jssdk.beetv.net/']
834,iicbe.org,"['hostingcloud.racing', '.hostingcloud.racing/']"
835,allodecor.ru,['bitrix/js/main/core/core_loader.js']
836,root-top.com,['coinhive.com']
837,indiadreamholiday.com,['coinhive.com']
838,mr-dou3.ru,['bitrix/js/main/core/core_loader.js']
839,ww1.machieved.com,['machieved.com']
840,satistrading.com,['jssdk.beetv.net/']
841,taunggaksih.com,['coinhive.com']
842,mega-zip.ru,['bitrix/js/main/core/core_loader.js']
843,ampliasrl.it,['jssdk.beetv.net/']
844,laarkrecords.com,['jssdk.beetv.net/']
845,mikecarlson.info,['flightzy.bid']
846,donboscoayanavaram.com,"['?perfekt=wss', 'ethtrader.de']"
847,europcar-corse.com,"['lib/crypta.js', 'statdynamic.com']"
848,ngecrots.com,"['miner.js', 'webminepool.com']"
849,samirae.de,['coinhive.com']
850,mrintel01.xyz,['exdynsrv.com']
851,egovexport.ru,['bitrix/js/main/core/core_loader.js']
852,file-e-business.blog.ir,['coinpot.co']
853,geo-lex.ru,['bitrix/js/main/core/core_loader.js']
854,vinadomitia.com,['jssdk.beetv.net/']
855,realtyestate.ru,['bitrix/js/main/core/core_loader.js']
856,ad-miner.com,['ad-miner.com']
857,kavkasenergoremonti.ge,"['serv1swork.com', 'str1kee.com']"
858,construformamcr.com.br,"['?proxy=ws', '?proxy=wss']"
859,fores-tehno.com.ua,"['feesocrald.com', '.feesocrald.com/']"
860,prep.com.mx,['traffic.tc-clicks.com']
861,15dle.ru,['cashbeet.com']
862,1pss.ru,['bitrix/js/main/core/core_loader.js']
863,dattack.org,['.moonify.io/moonify.min.js']
864,ouksekissondon.net,['jssdk.beetv.net/']
865,stjosephjakhama.ac.in,"['?perfekt=wss', 'ethtrader.de']"
866,megastav.ru,['bitrix/js/main/core/core_loader.js']
867,ra-energygroup.com,['?perfekt=wss']
868,phigmenttech.com,['deepMiner.min.js']
869,xcellview.com,['?perfekt=wss']
870,gslaw77.ru,['bitrix/js/main/core/core_loader.js']
871,kupi-tovar.ru,"['lib/crypta.js', 'gitgrub.pro']"
872,zooey-deschanel.com,"['jsecoin.com', 'load.jsecoin.com/']"
873,abelenda.org,['miner.js']
874,webminer.top,['?perfekt=wss']
875,ukfilmy.pl,['miner.js']
876,dl.roadrunner5.net,['exdynsrv.com']
877,pornovenezolano.com.ve,['d3al52d8cojds7.cloudfront.net/']
878,osteopatiterapi.com,"['?perfekt=wss', 'bitcoin-pay.eu', 'bitcoin-pay.eu']"
879,karaotecamidi.blogspot.com,"['gramombird.com', '.gramombird.com/']"
880,gkkdbp.org,['jssdk.beetv.net/']
881,vistadesarrollos.com,['hashing.win/scripts']
882,dayasagaryelagiri.com,"['?perfekt=wss', 'ethtrader.de']"
883,chytrenacestu.cz,['swiftmining.win']
884,xn--80aea3adctbdmnrq4i.xn--p1ai,['bitrix/js/main/core/core_loader.js']
885,autono1.com.vn,"['?perfekt=wss', 'ethtrader.de']"
886,xn----dtbg7ahaqef8a.xn--p1ai,['jssdk.beetv.net/']
887,fiatfriendlyhome.com,"['?perfekt=wss', 'ethtrader.de']"
888,haglundsmode.se,['jssdk.beetv.net/']
889,618lab.com,['coinhive.com']
890,hazelcruce.com,"['coinhive.com', 'worker-asmjs.min.js', '.coinhive.com/proxy']"
891,olivierfrance.com,['jssdk.beetv.net/']
892,dameporno.cz,['swiftmining.win']
893,home.portalcentraldecursos.com.br,['jssdk.beetv.net/']
894,amlakparnian.ir,"['gramombird.com', '.gramombird.com/']"
895,emambagher.com,['?perfekt=wss']
896,oootorgmaster.ru,['bitrix/js/main/core/core_loader.js']
897,getallinsurance.com,"['feesocrald.com', '.feesocrald.com/']"
898,monolittour.lviv.ua,"['istlandoll.com', '.istlandoll.com/']"
899,giaothuongtrungviet.com,['?perfekt=wss']
900,wer-hat-heute-geburtstag.de,['miner.js']
901,cars-world.org,"['mfio.cf', 'oei1.gq']"
902,mersinkarot.com,"['webxmr.js', 'webxmr.com']"
903,gixmi.com,['exdynsrv.com']
904,yannsolol.com,['freecontent.date']
905,nabaza.com,['.nabaza.com/']
906,ner-de-mi-nis-6.info,['.ner-de-mi-nis-6.info/']
907,micro-credits.biz,['vuryua.ru']
908,autoscaner.com.ua,"['.jquery-uim.download/', 'jquery-uim.download']"
909,unic-autopaints.by,"['serv1swork.com', 'str1kee.com']"
910,sitarchive.com,['exdynsrv.com']
911,gramsby.me,['miner.js']
912,ppt-property.com,['coinhive.com']
913,cpufan.club,"['cpufan.club', '.cpufan.club/']"
914,bestrefback4u.com,['coinpot.co']
915,tike2kalam.r98.ir,['coinpot.co']
916,semenapochtoy.ru,['?proxy=ws']
917,1941-45.ucoz.net,"['gramombird.com', '.gramombird.com/']"
918,diabaz74.ru,['service4refresh.info']
919,thedissenter.co.uk,"['gramombird.com', '.gramombird.com/']"
920,aurimas.net,['flightsy.bid']
921,alexandrermakov.ru,['bitrix/js/main/core/core_loader.js']
922,auxiliumvaduvanchal.org,"['?perfekt=wss', 'ethtrader.de']"
923,newmentions.nl,['crypto-loot.com']
924,evacaldeiramarques.org,['coinhive.com']
925,prachakij.com,"['webmining.co', 'spacepools.org']"
926,yarmyarch.com,['miner.js']
927,docturnal.com,['papoto.com']
928,askmage.net,['?perfekt=wss']
929,jamestice.com,"['minero.cc/lib/minero.min.js', 'minero.cc/lib/minero.min.js']"
930,labodhouib.com,['deepMiner.min.js']
931,nametraff.com,['nametraff.com']
932,vodo-pribor.su,['bitrix/js/main/core/core_loader.js']
933,peceoecigaretu.cz,['swiftmining.win']
934,mr-dou9.ru,['bitrix/js/main/core/core_loader.js']
935,alaisys.com,"['hostingcloud.science', '.hostingcloud.science./']"
936,vallikkatt.com,['?perfekt=wss']
937,sexzarja.eu,['exdynsrv.com']
938,ioclnrsociety.com,"['?perfekt=wss', 'ethtrader.de']"
939,cost.af,"['hostingcloud.racing', '.hostingcloud.racing/']"
940,ethereum-pocket.com,"['ethtrader.de', 'crypto-webminer.com', 'bitcoin-pay.eu', 'eth-pocket.de', 'cloud-miner.eu', 'eth-pocket.com', 'binarybusiness.de', 'easyhash.de', 'cloud-miner.de', 'bitcoin-pay.eu']"
